{
  "IcoMoonType": "selection",
  "icons": [
    {
      "icon": {
        "paths": [
          "M912 352c8.832 0 16-7.168 16-16s-7.168-16-16-16h-240v-240c0-8.832-7.168-16-16-16s-16 7.168-16 16v240h-288v-240c0-8.832-7.168-16-16-16s-16 7.168-16 16v240h-240c-8.832 0-16 7.168-16 16s7.168 16 16 16h240v288h-240c-8.832 0-16 7.168-16 16s7.168 16 16 16h240v272c0 8.832 7.168 16 16 16s16-7.168 16-16v-272h288v272c0 8.832 7.168 16 16 16s16-7.168 16-16v-272h240c8.832 0 16-7.168 16-16s-7.168-16-16-16h-240v-288h240zM640 640h-288v-288h288v288zM992 976v-928c0-26.464-21.536-48-48-48h-896c-26.464 0-48 21.536-48 48v928c0 26.464 21.536 48 48 48h896c26.464 0 48-21.536 48-48zM32 976v-928c0-8.832 7.2-16 16-16h896c8.8 0 16 7.168 16 16v928c0 8.832-7.2 16-16 16h-896c-8.8 0-16-7.168-16-16z"
        ],
        "attrs": [
          {}
        ],
        "width": 992,
        "isMulticolor": false,
        "isMulticolor2": false,
        "tags": [
          "grid",
          "squares"
        ],
        "grid": 32
      },
      "attrs": [
        {}
      ],
      "properties": {
        "order": 1,
        "id": 0,
        "name": "grid, squares",
        "prevSize": 32
      },
      "setIdx": 0,
      "setId": 13,
      "iconIdx": 0
    },
    {
      "icon": {
        "paths": [
          "M192 512h128v128h-128v-128zM192 896h128v-128h-128v128zM448 896h128v-128h-128v128zM192 128v256h640v-256h-640zM704 640h128v-128h-128v128zM704 896h128v-128h-128v128zM448 640h128v-128h-128v128z"
        ],
        "attrs": [
          {}
        ],
        "isMulticolor": false,
        "isMulticolor2": false,
        "tags": [
          "calculate",
          "add",
          "pay"
        ],
        "grid": 16
      },
      "attrs": [
        {}
      ],
      "properties": {
        "order": 1,
        "id": 0,
        "prevSize": 32,
        "name": "calculate"
      },
      "setIdx": 1,
      "setId": 12,
      "iconIdx": 0
    },
    {
      "icon": {
        "paths": [
          "M213.333 554.667h256v256c0 23.552 19.115 42.667 42.667 42.667s42.667-19.115 42.667-42.667v-256h256c23.552 0 42.667-19.115 42.667-42.667s-19.115-42.667-42.667-42.667h-256v-256c0-23.552-19.115-42.667-42.667-42.667s-42.667 19.115-42.667 42.667v256h-256c-23.552 0-42.667 19.115-42.667 42.667s19.115 42.667 42.667 42.667z"
        ],
        "attrs": [
          {}
        ],
        "isMulticolor": false,
        "isMulticolor2": false,
        "tags": [
          "plus"
        ],
        "grid": 24
      },
      "attrs": [
        {}
      ],
      "properties": {
        "order": 1,
        "id": 1,
        "prevSize": 24,
        "name": "plus"
      },
      "setIdx": 3,
      "setId": 10,
      "iconIdx": 1
    },
    {
      "icon": {
        "paths": [
          "M128 554.667h768c23.552 0 42.667-19.115 42.667-42.667s-19.115-42.667-42.667-42.667h-768c-23.552 0-42.667 19.115-42.667 42.667s19.115 42.667 42.667 42.667zM128 298.667h768c23.552 0 42.667-19.115 42.667-42.667s-19.115-42.667-42.667-42.667h-768c-23.552 0-42.667 19.115-42.667 42.667s19.115 42.667 42.667 42.667zM128 810.667h768c23.552 0 42.667-19.115 42.667-42.667s-19.115-42.667-42.667-42.667h-768c-23.552 0-42.667 19.115-42.667 42.667s19.115 42.667 42.667 42.667z"
        ],
        "attrs": [
          {}
        ],
        "isMulticolor": false,
        "isMulticolor2": false,
        "tags": [
          "menu"
        ],
        "grid": 24
      },
      "attrs": [
        {}
      ],
      "properties": {
        "order": 1,
        "id": 0,
        "prevSize": 24,
        "name": "menu"
      },
      "setIdx": 3,
      "setId": 10,
      "iconIdx": 2
    },
    {
      "icon": {
        "paths": [
          "M256 256c0-141.385 114.615-256 256-256s256 114.615 256 256v0 102.4c0 141.385-114.615 256-256 256s-256-114.615-256-256v0-102.4zM0 854.016c146.431-86.26 322.601-137.217 510.673-137.217 0.466 0 0.933 0 1.399 0.001h-0.072c186.368 0 361.472 49.664 512 137.216v169.984h-1024v-169.984z"
        ],
        "attrs": [
          {}
        ],
        "isMulticolor": false,
        "isMulticolor2": false,
        "tags": [
          "user"
        ],
        "grid": 20
      },
      "attrs": [
        {}
      ],
      "properties": {
        "order": 1,
        "id": 4,
        "name": "user",
        "prevSize": 20
      },
      "setIdx": 4,
      "setId": 9,
      "iconIdx": 0
    },
    {
      "icon": {
        "paths": [
          "M51.2 512h153.6v512h-153.6v-512zM307.2 0h153.6v1024h-153.6v-1024zM563.2 409.6h153.6v614.4h-153.6v-614.4zM819.2 204.8h153.6v819.2h-153.6v-819.2z"
        ],
        "attrs": [
          {}
        ],
        "isMulticolor": false,
        "isMulticolor2": false,
        "tags": [
          "chart-bar"
        ],
        "grid": 20
      },
      "attrs": [
        {}
      ],
      "properties": {
        "order": 1,
        "id": 3,
        "prevSize": 20,
        "name": "chart-bar"
      },
      "setIdx": 4,
      "setId": 9,
      "iconIdx": 1
    },
    {
      "icon": {
        "paths": [
          "M0 307.2c0-56.32 46.080-102.4 102.4-102.4h153.6l102.4-102.4h307.2l102.4 102.4h153.6c56.554 0 102.4 45.846 102.4 102.4v0 512c0 56.554-45.846 102.4-102.4 102.4v0h-819.2c-56.554 0-102.4-45.846-102.4-102.4v0-512zM512 819.2c141.385 0 256-114.615 256-256s-114.615-256-256-256v0c-141.385 0-256 114.615-256 256s114.615 256 256 256v0zM512 716.8c-84.831 0-153.6-68.769-153.6-153.6s68.769-153.6 153.6-153.6v0c84.831 0 153.6 68.769 153.6 153.6s-68.769 153.6-153.6 153.6v0z"
        ],
        "attrs": [
          {}
        ],
        "isMulticolor": false,
        "isMulticolor2": false,
        "tags": [
          "camera"
        ],
        "grid": 20
      },
      "attrs": [
        {}
      ],
      "properties": {
        "order": 1,
        "id": 2,
        "prevSize": 20,
        "name": "camera"
      },
      "setIdx": 4,
      "setId": 9,
      "iconIdx": 2
    },
    {
      "icon": {
        "paths": [
          "M0 153.6h1024v102.4h-1024v-102.4zM0 460.8h1024v102.4h-1024v-102.4zM0 768h1024v102.4h-1024v-102.4z"
        ],
        "attrs": [
          {}
        ],
        "isMulticolor": false,
        "isMulticolor2": false,
        "tags": [
          "menu"
        ],
        "grid": 20
      },
      "attrs": [
        {}
      ],
      "properties": {
        "order": 1,
        "id": 1,
        "prevSize": 20,
        "name": "menu11"
      },
      "setIdx": 4,
      "setId": 9,
      "iconIdx": 3
    },
    {
      "icon": {
        "paths": [
          "M0 153.6h1024v102.4h-1024v-102.4zM0 460.8h1024v102.4h-1024v-102.4zM0 768h1024v102.4h-1024v-102.4z"
        ],
        "attrs": [
          {}
        ],
        "isMulticolor": false,
        "isMulticolor2": false,
        "tags": [
          "menu"
        ],
        "grid": 20
      },
      "attrs": [
        {}
      ],
      "properties": {
        "order": 1,
        "id": 0,
        "prevSize": 20,
        "name": "menu111"
      },
      "setIdx": 4,
      "setId": 9,
      "iconIdx": 4
    },
    {
      "icon": {
        "paths": [
          "M846.857 600c34.857 20 46.857 65.143 26.857 100l-36.571 62.857c-20 34.857-65.143 46.857-100 26.857l-152-87.429v175.429c0 40-33.143 73.143-73.143 73.143h-73.143c-40 0-73.143-33.143-73.143-73.143v-175.429l-152 87.429c-34.857 20-80 8-100-26.857l-36.571-62.857c-20-34.857-8-80 26.857-100l152-88-152-88c-34.857-20-46.857-65.143-26.857-100l36.571-62.857c20-34.857 65.143-46.857 100-26.857l152 87.429v-175.429c0-40 33.143-73.143 73.143-73.143h73.143c40 0 73.143 33.143 73.143 73.143v175.429l152-87.429c34.857-20 80-8 100 26.857l36.571 62.857c20 34.857 8 80-26.857 100l-152 88z"
        ],
        "width": 950.8571428571428,
        "attrs": [],
        "isMulticolor": false,
        "isMulticolor2": false,
        "tags": [
          "asterisk"
        ],
        "defaultCode": 61545,
        "grid": 14
      },
      "attrs": [],
      "properties": {
        "name": "asterisk",
        "id": 0,
        "order": 41,
        "prevSize": 28,
        "code": 61545
      },
      "setIdx": 6,
      "setId": 7,
      "iconIdx": 0
    },
    {
      "icon": {
        "paths": [
          "M548.571 384c90.857 0 164.571 73.714 164.571 164.571s-73.714 164.571-164.571 164.571-164.571-73.714-164.571-164.571 73.714-164.571 164.571-164.571zM950.857 146.286c80.571 0 146.286 65.714 146.286 146.286v512c0 80.571-65.714 146.286-146.286 146.286h-804.571c-80.571 0-146.286-65.714-146.286-146.286v-512c0-80.571 65.714-146.286 146.286-146.286h128l29.143-77.714c14.286-37.714 58.857-68.571 98.857-68.571h292.571c40 0 84.571 30.857 98.857 68.571l29.143 77.714h128zM548.571 804.571c141.143 0 256-114.857 256-256s-114.857-256-256-256-256 114.857-256 256 114.857 256 256 256z"
        ],
        "width": 1097.142857142857,
        "attrs": [],
        "isMulticolor": false,
        "isMulticolor2": false,
        "tags": [
          "camera"
        ],
        "defaultCode": 61488,
        "grid": 14
      },
      "attrs": [],
      "properties": {
        "name": "camera1",
        "id": 49,
        "order": 58,
        "prevSize": 28
      },
      "setIdx": 6,
      "setId": 7,
      "iconIdx": 49
    },
    {
      "icon": {
        "paths": [
          "M804.571 708.571c0 20.571-9.143 60.571-17.714 79.429-12 28-44 46.286-69.714 60.571-33.714 18.286-68 29.143-106.286 29.143-53.143 0-101.143-21.714-149.714-39.429-34.857-12.571-68.571-28-100-47.429-97.143-60-214.286-177.143-274.286-274.286-19.429-31.429-34.857-65.143-47.429-100-17.714-48.571-39.429-96.571-39.429-149.714 0-38.286 10.857-72.571 29.143-106.286 14.286-25.714 32.571-57.714 60.571-69.714 18.857-8.571 58.857-17.714 79.429-17.714 4 0 8 0 12 1.714 12 4 24.571 32 30.286 43.429 18.286 32.571 36 65.714 54.857 97.714 9.143 14.857 26.286 33.143 26.286 50.857 0 34.857-103.429 85.714-103.429 116.571 0 15.429 14.286 35.429 22.286 49.143 57.714 104 129.714 176 233.714 233.714 13.714 8 33.714 22.286 49.143 22.286 30.857 0 81.714-103.429 116.571-103.429 17.714 0 36 17.143 50.857 26.286 32 18.857 65.143 36.571 97.714 54.857 11.429 5.714 39.429 18.286 43.429 30.286 1.714 4 1.714 8 1.714 12z"
        ],
        "width": 804.5714285714286,
        "attrs": [],
        "isMulticolor": false,
        "isMulticolor2": false,
        "tags": [
          "phone"
        ],
        "defaultCode": 61589,
        "grid": 14
      },
      "attrs": [],
      "properties": {
        "name": "phone",
        "id": 141,
        "order": 44,
        "prevSize": 28
      },
      "setIdx": 6,
      "setId": 7,
      "iconIdx": 141
    },
    {
      "icon": {
        "paths": [
          "M585.143 402.286c0 9.714-4 18.857-10.857 25.714l-256 256c-6.857 6.857-16 10.857-25.714 10.857s-18.857-4-25.714-10.857l-256-256c-6.857-6.857-10.857-16-10.857-25.714 0-20 16.571-36.571 36.571-36.571h512c20 0 36.571 16.571 36.571 36.571z"
        ],
        "width": 585.1428571428571,
        "attrs": [],
        "isMulticolor": false,
        "isMulticolor2": false,
        "tags": [
          "caret-down"
        ],
        "defaultCode": 61655,
        "grid": 14
      },
      "attrs": [],
      "properties": {
        "name": "caret-down",
        "id": 191,
        "order": 43,
        "prevSize": 28,
        "code": 61655
      },
      "setIdx": 6,
      "setId": 7,
      "iconIdx": 191
    },
    {
      "icon": {
        "paths": [
          "M1024 405.714v453.714c0 50.286-41.143 91.429-91.429 91.429h-841.143c-50.286 0-91.429-41.143-91.429-91.429v-453.714c17.143 18.857 36.571 35.429 57.714 49.714 94.857 64.571 190.857 129.143 284 197.143 48 35.429 107.429 78.857 169.714 78.857h1.143c62.286 0 121.714-43.429 169.714-78.857 93.143-67.429 189.143-132.571 284.571-197.143 20.571-14.286 40-30.857 57.143-49.714zM1024 237.714c0 64-47.429 121.714-97.714 156.571-89.143 61.714-178.857 123.429-267.429 185.714-37.143 25.714-100 78.286-146.286 78.286h-1.143c-46.286 0-109.143-52.571-146.286-78.286-88.571-62.286-178.286-124-266.857-185.714-40.571-27.429-98.286-92-98.286-144 0-56 30.286-104 91.429-104h841.143c49.714 0 91.429 41.143 91.429 91.429z"
        ],
        "width": 1024,
        "attrs": [],
        "isMulticolor": false,
        "isMulticolor2": false,
        "tags": [
          "envelope"
        ],
        "defaultCode": 61664,
        "grid": 14
      },
      "attrs": [],
      "properties": {
        "name": "envelope",
        "id": 199,
        "order": 45,
        "prevSize": 28
      },
      "setIdx": 6,
      "setId": 7,
      "iconIdx": 199
    },
    {
      "icon": {
        "paths": [
          "M877.714 512c0 242.286-196.571 438.857-438.857 438.857s-438.857-196.571-438.857-438.857 196.571-438.857 438.857-438.857 438.857 196.571 438.857 438.857z"
        ],
        "width": 877.7142857142857,
        "attrs": [],
        "isMulticolor": false,
        "isMulticolor2": false,
        "tags": [
          "circle"
        ],
        "defaultCode": 61713,
        "grid": 14
      },
      "attrs": [],
      "properties": {
        "name": "circle",
        "id": 245,
        "order": 39,
        "prevSize": 28,
        "code": 61713
      },
      "setIdx": 6,
      "setId": 7,
      "iconIdx": 245
    },
    {
      "icon": {
        "paths": [
          "M954.857 323.429c0 14.286-5.714 28.571-16 38.857l-491.429 491.429c-10.286 10.286-24.571 16-38.857 16s-28.571-5.714-38.857-16l-284.571-284.571c-10.286-10.286-16-24.571-16-38.857s5.714-28.571 16-38.857l77.714-77.714c10.286-10.286 24.571-16 38.857-16s28.571 5.714 38.857 16l168 168.571 374.857-375.429c10.286-10.286 24.571-16 38.857-16s28.571 5.714 38.857 16l77.714 77.714c10.286 10.286 16 24.571 16 38.857z"
        ],
        "attrs": [
          {}
        ],
        "isMulticolor": false,
        "isMulticolor2": false,
        "tags": [
          "check"
        ],
        "grid": 14
      },
      "attrs": [
        {}
      ],
      "properties": {
        "order": 1,
        "id": 0,
        "name": "check",
        "prevSize": 28,
        "code": 59648
      },
      "setIdx": 7,
      "setId": 6,
      "iconIdx": 0
    },
    {
      "icon": {
        "paths": [
          "M768 342v-86h-512v86h512zM768 470v-86h-512v86h512zM768 598v-86h-512v86h512zM854 86q34 0 59 25t25 59v512q0 34-25 60t-59 26h-598l-170 170v-768q0-34 25-59t59-25h684z"
        ],
        "attrs": [
          {}
        ],
        "isMulticolor": false,
        "isMulticolor2": false,
        "tags": [
          "message"
        ],
        "grid": 24
      },
      "attrs": [
        {}
      ],
      "properties": {
        "order": 1,
        "id": 4,
        "prevSize": 24,
        "name": "message"
      },
      "setIdx": 8,
      "setId": 5,
      "iconIdx": 0
    },
    {
      "icon": {
        "paths": [
          "M512 544q52 0 98 11t82 27 56 48 20 68v70h-512v-68q0-38 20-70t56-48 82-27 98-11zM170 554q36 0 61-25t25-59q0-36-25-61t-61-25q-34 0-59 25t-25 61q0 34 25 59t59 25zM218 602q-10-2-22-3t-26-1q-32 0-61 6t-57 18q-24 10-38 32t-14 48v66h192v-68q0-52 26-98zM854 554q34 0 59-25t25-59q0-36-25-61t-59-25q-36 0-61 25t-25 61q0 34 25 59t61 25zM1024 702q0-26-14-48t-38-32q-28-12-57-18t-61-6q-14 0-26 1t-22 3q26 46 26 98v68h192v-66zM512 256q36 0 65 17t46 46 17 65-17 65-46 46-65 17-65-17-46-46-17-65 17-65 46-46 65-17z"
        ],
        "attrs": [
          {}
        ],
        "isMulticolor": false,
        "isMulticolor2": false,
        "tags": [
          "groups"
        ],
        "grid": 24
      },
      "attrs": [
        {}
      ],
      "properties": {
        "order": 1,
        "id": 3,
        "name": "groups",
        "prevSize": 24
      },
      "setIdx": 8,
      "setId": 5,
      "iconIdx": 1
    },
    {
      "icon": {
        "paths": [
          "M128 256h768v86h-768v-86zM128 554v-84h768v84h-768zM128 768v-86h768v86h-768z"
        ],
        "attrs": [
          {}
        ],
        "isMulticolor": false,
        "isMulticolor2": false,
        "tags": [
          "menu"
        ],
        "grid": 24
      },
      "attrs": [
        {}
      ],
      "properties": {
        "order": 1,
        "id": 1,
        "prevSize": 24,
        "name": "menu1"
      },
      "setIdx": 8,
      "setId": 5,
      "iconIdx": 3
    },
    {
      "icon": {
        "paths": [
          "M0 854h1024v170h-1024v-170zM810 490q86 94 86 150 0 34-26 60t-60 26-59-26-25-60q0-24 21-62t41-62zM222 426h410l-206-204zM706 382q20 20 20 46t-20 44l-234 234q-20 20-46 20-24 0-44-20l-236-234q-18-18-18-46 0-26 18-44l220-220-102-102 62-60z"
        ],
        "attrs": [
          {}
        ],
        "isMulticolor": false,
        "isMulticolor2": false,
        "tags": [
          "format_color_fill"
        ],
        "grid": 24
      },
      "attrs": [
        {}
      ],
      "properties": {
        "order": 1,
        "id": 0,
        "prevSize": 24,
        "name": "fill",
        "code": 59649
      },
      "setIdx": 8,
      "setId": 5,
      "iconIdx": 4
    },
    {
      "icon": {
        "paths": [
          "M231.219 386.458c22.323-22.835 53.402-24.627 80.691 0l200.090 191.846 200.090-191.846c27.29-24.627 58.419-22.835 80.589 0 22.323 22.784 20.89 61.286 0 82.688-20.787 21.402-240.384 230.502-240.384 230.502-11.11 11.418-25.702 17.152-40.294 17.152s-29.184-5.734-40.397-17.152c0 0-219.494-209.101-240.384-230.502-20.941-21.402-22.323-59.904 0-82.688z"
        ],
        "attrs": [],
        "isMulticolor": false,
        "isMulticolor2": false,
        "tags": [
          "chevron-down"
        ],
        "grid": 20
      },
      "attrs": [],
      "properties": {
        "id": 34,
        "order": 25,
        "prevSize": 20,
        "name": "chevron-down",
        "code": 59650
      },
      "setIdx": 9,
      "setId": 4,
      "iconIdx": 33
    },
    {
      "icon": {
        "paths": [
          "M637.542 231.219c22.835 22.323 24.627 53.402 0 80.691l-191.846 200.090 191.846 200.090c24.627 27.29 22.835 58.419 0 80.589-22.784 22.323-61.286 20.89-82.688 0-21.402-20.787-230.502-240.384-230.502-240.384-11.418-11.11-17.152-25.702-17.152-40.294s5.734-29.184 17.152-40.397c0 0 209.101-219.494 230.502-240.384 21.402-20.941 59.904-22.323 82.688 0z"
        ],
        "attrs": [],
        "isMulticolor": false,
        "isMulticolor2": false,
        "tags": [
          "chevron-left"
        ],
        "grid": 20
      },
      "attrs": [],
      "properties": {
        "id": 35,
        "order": 34,
        "prevSize": 20,
        "name": "chevron-left",
        "code": 59651
      },
      "setIdx": 9,
      "setId": 4,
      "iconIdx": 34
    },
    {
      "icon": {
        "paths": [
          "M469.146 231.219c21.402 20.89 230.502 240.384 230.502 240.384 11.418 11.213 17.152 25.805 17.152 40.397s-5.734 29.184-17.152 40.294c0 0-209.101 219.597-230.502 240.384-21.402 20.89-59.904 22.323-82.688 0-22.835-22.221-24.627-53.299 0-80.589l191.846-200.090-191.846-200.090c-24.627-27.29-22.835-58.419 0-80.691 22.784-22.323 61.286-20.941 82.688 0z"
        ],
        "attrs": [],
        "isMulticolor": false,
        "isMulticolor2": false,
        "tags": [
          "chevron-right"
        ],
        "grid": 20
      },
      "attrs": [],
      "properties": {
        "id": 36,
        "order": 33,
        "prevSize": 20,
        "name": "chevron-right",
        "code": 59652
      },
      "setIdx": 9,
      "setId": 4,
      "iconIdx": 35
    },
    {
      "icon": {
        "paths": [
          "M792.781 637.542c-22.323 22.835-53.402 24.627-80.691 0l-200.090-191.846-200.090 191.846c-27.29 24.627-58.419 22.835-80.589 0-22.323-22.784-20.89-61.286 0-82.688 20.787-21.402 240.384-230.502 240.384-230.502 11.11-11.418 25.702-17.152 40.294-17.152s29.184 5.734 40.397 17.152c0 0 219.494 209.101 240.384 230.502 20.941 21.402 22.323 59.904 0 82.688z"
        ],
        "attrs": [],
        "isMulticolor": false,
        "isMulticolor2": false,
        "tags": [
          "chevron-up"
        ],
        "grid": 20
      },
      "attrs": [],
      "properties": {
        "id": 45,
        "order": 26,
        "prevSize": 20,
        "name": "chevron-up",
        "code": 59653
      },
      "setIdx": 9,
      "setId": 4,
      "iconIdx": 44
    },
    {
      "icon": {
        "paths": [
          "M747.93 623.206c0 43.008 12.237 60.16 44.237 60.16 71.322 0 116.736-90.88 116.736-242.022 0-231.014-168.346-341.606-378.522-341.606-216.218 0-412.877 144.998-412.877 419.021 0 261.734 172.032 404.275 436.224 404.275 89.702 0 149.914-9.83 242.022-40.55l19.763 82.278c-90.931 29.542-188.109 38.093-263.014 38.093-346.522 0-532.122-190.464-532.122-484.147 0-296.141 215.091-497.664 511.232-497.664 308.429 0 471.808 184.32 471.808 410.419 0 191.693-60.16 337.92-249.395 337.92-86.067 0-142.541-34.406-149.914-110.643-22.118 84.787-81.101 110.643-161.024 110.643-106.906 0-196.608-82.381-196.608-248.218 0-167.117 78.694-270.336 220.006-270.336 74.957 0 121.651 29.491 142.438 76.186l35.686-65.126h103.219v361.318h0.102zM596.838 461.005c0-67.533-50.432-95.846-92.211-95.846-45.466 0-95.795 36.813-95.795 144.998 0 86.016 38.093 133.939 95.795 133.939 40.55 0 92.211-25.805 92.211-97.075v-86.016z"
        ],
        "attrs": [],
        "isMulticolor": false,
        "isMulticolor2": false,
        "tags": [
          "email"
        ],
        "grid": 20
      },
      "attrs": [],
      "properties": {
        "id": 155,
        "order": 18,
        "prevSize": 20,
        "name": "email",
        "code": 59654
      },
      "setIdx": 9,
      "setId": 4,
      "iconIdx": 154
    },
    {
      "icon": {
        "paths": [
          "M972.8 512l-307.2-256v153.6h-358.4v204.8h358.4v153.6l307.2-256zM153.6 153.6h409.6v-102.4h-409.6c-56.32 0-102.4 46.080-102.4 102.4v716.8c0 56.32 46.080 102.4 102.4 102.4h409.6v-102.4h-409.6v-716.8z"
        ],
        "attrs": [],
        "isMulticolor": false,
        "isMulticolor2": false,
        "tags": [
          "log-out"
        ],
        "grid": 20
      },
      "attrs": [],
      "properties": {
        "id": 214,
        "order": 56,
        "prevSize": 20,
        "name": "log-out"
      },
      "setIdx": 9,
      "setId": 4,
      "iconIdx": 213
    },
    {
      "icon": {
        "paths": [
          "M716.8 512l-307.2-256v153.6h-358.4v204.8h358.4v153.6l307.2-256zM870.4 870.4h-409.6v102.4h409.6c56.32 0 102.4-46.080 102.4-102.4v-716.8c0-56.32-46.080-102.4-102.4-102.4h-409.6v102.4h409.6v716.8z"
        ],
        "attrs": [],
        "isMulticolor": false,
        "isMulticolor2": false,
        "tags": [
          "login"
        ],
        "grid": 20
      },
      "attrs": [],
      "properties": {
        "id": 215,
        "order": 57,
        "prevSize": 20,
        "name": "login"
      },
      "setIdx": 9,
      "setId": 4,
      "iconIdx": 214
    },
    {
      "icon": {
        "paths": [
          "M512 66.56l122.266 344.166h328.294l-267.878 202.138 95.795 354.714-278.477-212.685-278.426 212.685 95.744-354.714-267.93-202.138h328.294l122.317-344.166z"
        ],
        "attrs": [],
        "isMulticolor": false,
        "isMulticolor2": false,
        "tags": [
          "star"
        ],
        "grid": 20
      },
      "attrs": [],
      "properties": {
        "id": 286,
        "order": 38,
        "prevSize": 20,
        "name": "star",
        "code": 59655
      },
      "setIdx": 9,
      "setId": 4,
      "iconIdx": 285
    },
    {
      "icon": {
        "paths": [
          "M864 992h-704c-35.328 0-64-28.672-64-64v-704c0-35.36 28.672-64 64-64h64v32c0 53.024 42.976 96 96 96 52.992 0 96-42.976 96-96v-32h192v32c0 53.024 43.008 96 96 96s96-42.976 96-96v-32h64c35.328 0 64 28.64 64 64v704c0 35.328-28.672 64-64 64zM864 384h-704v544h704v-544zM320 544h-96v-96h96v96zM320 704h-96v-96h96v96zM320 864h-96v-96h96v96zM480 544h-96v-96h96v96zM480 704h-96v-96h96v96zM480 864h-96v-96h96v96zM640 544h-96v-96h96v96zM640 704h-96v-96h96v96zM640 864h-96v-96h96v96zM800 544h-96v-96h96v96zM800 704h-96v-96h96v96zM800 864h-96v-96h96v96zM703.008 256c-34.816 0-63.008-28.224-63.008-63.008v-65.984c0-34.816 28.192-63.008 63.008-63.008s63.008 28.192 63.008 63.008v65.984c0 34.784-28.192 63.008-63.008 63.008zM319.008 256c-34.816 0-63.008-28.224-63.008-63.008v-65.984c0-34.816 28.192-63.008 63.008-63.008s63.008 28.192 63.008 63.008v65.984c0 34.784-28.224 63.008-63.008 63.008z"
        ],
        "attrs": [
          {}
        ],
        "isMulticolor": false,
        "isMulticolor2": false,
        "tags": [
          "calendar",
          "date",
          "schedule"
        ],
        "grid": 32
      },
      "attrs": [
        {}
      ],
      "properties": {
        "order": 1,
        "id": 1,
        "prevSize": 32,
        "name": "calendar"
      },
      "setIdx": 10,
      "setId": 3,
      "iconIdx": 0
    },
    {
      "icon": {
        "paths": [
          "M1024 575.008v-128l-152.992-63.744c-4.256-12-8.736-23.616-14.24-35.008l61.76-153.76-90.528-90.496-152.384 62.752c-11.616-5.632-23.488-10.368-35.744-14.752l-64.864-152h-128l-63.264 151.488c-12.736 4.512-24.992 9.248-37.12 15.008l-152.128-61.12-90.496 90.496 62.016 150.752c-6.016 12.384-10.88 24.992-15.52 38.016l-150.496 64.352v128l150.624 62.752c4.64 12.992 9.632 25.632 15.616 38.016l-60.864 151.744 90.496 90.496 151.136-62.24c12.128 5.76 24.512 10.368 37.248 14.752l64.736 151.488h128l63.36-152.256c12.128-4.512 24.128-9.248 35.616-14.752l153.504 61.504 90.496-90.496-63.008-152.736c5.376-11.488 9.76-23.136 14.016-35.008l153.024-65.248zM511.008 704c-105.984 0-192-86.016-192-192s86.016-192 192-192 192 86.016 192 192-86.016 192-192 192z"
        ],
        "attrs": [
          {}
        ],
        "isMulticolor": false,
        "isMulticolor2": false,
        "tags": [
          "cog",
          "gear",
          "settings",
          "options",
          "generate"
        ],
        "grid": 16
      },
      "attrs": [
        {}
      ],
      "properties": {
        "order": 1,
        "id": 1,
        "name": "cog, gear, settings, options, generate",
        "prevSize": 32
      },
      "setIdx": 11,
      "setId": 2,
      "iconIdx": 0
    },
    {
      "icon": {
        "paths": [
          "M384 64h-320c-35.2 0-64 28.8-64 64v320c0 35.2 28.796 64 64 64h320c35.2 0 64-28.8 64-64v-320c0-35.2-28.8-64-64-64zM384 320h-320v-64h320v64zM896 64h-320c-35.204 0-64 28.8-64 64v832c0 35.2 28.796 64 64 64h320c35.2 0 64-28.8 64-64v-832c0-35.2-28.8-64-64-64zM896 640h-320v-64h320v64zM896 448h-320v-64h320v64zM384 576h-320c-35.2 0-64 28.8-64 64v320c0 35.2 28.796 64 64 64h320c35.2 0 64-28.8 64-64v-320c0-35.2-28.8-64-64-64zM384 832h-128v128h-64v-128h-128v-64h128v-128h64v128h128v64z"
        ],
        "tags": [
          "calculator",
          "compute",
          "math",
          "arithmetic",
          "sum"
        ],
        "defaultCode": 59712,
        "grid": 16,
        "attrs": []
      },
      "attrs": [],
      "properties": {
        "ligatures": "calculator, compute",
        "name": "calculator1",
        "order": 59,
        "id": 65,
        "prevSize": 32
      },
      "setIdx": 12,
      "setId": 1,
      "iconIdx": 64
    },
    {
      "icon": {
        "paths": [
          "M512 0c-176.732 0-320 143.268-320 320 0 320 320 704 320 704s320-384 320-704c0-176.732-143.27-320-320-320zM512 512c-106.040 0-192-85.96-192-192s85.96-192 192-192 192 85.96 192 192-85.96 192-192 192z"
        ],
        "tags": [
          "location",
          "map-marker",
          "pin"
        ],
        "defaultCode": 59719,
        "grid": 16,
        "attrs": []
      },
      "attrs": [],
      "properties": {
        "ligatures": "location, map-marker",
        "name": "location1",
        "order": 35,
        "id": 72,
        "prevSize": 32,
        "code": 59719
      },
      "setIdx": 12,
      "setId": 1,
      "iconIdx": 71
    },
    {
      "icon": {
        "paths": [
          "M128 896h896v128h-1024v-1024h128zM288 832c-53.020 0-96-42.98-96-96s42.98-96 96-96c2.828 0 5.622 0.148 8.388 0.386l103.192-171.986c-9.84-15.070-15.58-33.062-15.58-52.402 0-53.020 42.98-96 96-96s96 42.98 96 96c0 19.342-5.74 37.332-15.58 52.402l103.192 171.986c2.766-0.238 5.56-0.386 8.388-0.386 2.136 0 4.248 0.094 6.35 0.23l170.356-298.122c-10.536-15.408-16.706-34.036-16.706-54.11 0-53.020 42.98-96 96-96s96 42.98 96 96c0 53.020-42.98 96-96 96-2.14 0-4.248-0.094-6.35-0.232l-170.356 298.124c10.536 15.406 16.706 34.036 16.706 54.11 0 53.020-42.98 96-96 96s-96-42.98-96-96c0-19.34 5.74-37.332 15.578-52.402l-103.19-171.984c-2.766 0.238-5.56 0.386-8.388 0.386s-5.622-0.146-8.388-0.386l-103.192 171.986c9.84 15.068 15.58 33.060 15.58 52.4 0 53.020-42.98 96-96 96z"
        ],
        "tags": [
          "stats-dots",
          "stats",
          "plot",
          "statistics",
          "chart"
        ],
        "defaultCode": 59803,
        "grid": 16,
        "attrs": []
      },
      "attrs": [],
      "properties": {
        "ligatures": "stats-dots, stats2",
        "name": "stats-dots",
        "order": 80,
        "id": 156,
        "prevSize": 32
      },
      "setIdx": 12,
      "setId": 1,
      "iconIdx": 155
    },
    {
      "icon": {
        "paths": [
          "M440.236 635.766c-13.31 0-26.616-5.076-36.77-15.23-95.134-95.136-95.134-249.934 0-345.070l192-192c46.088-46.086 107.36-71.466 172.534-71.466s126.448 25.38 172.536 71.464c95.132 95.136 95.132 249.934 0 345.070l-87.766 87.766c-20.308 20.308-53.23 20.308-73.54 0-20.306-20.306-20.306-53.232 0-73.54l87.766-87.766c54.584-54.586 54.584-143.404 0-197.99-26.442-26.442-61.6-41.004-98.996-41.004s-72.552 14.562-98.996 41.006l-192 191.998c-54.586 54.586-54.586 143.406 0 197.992 20.308 20.306 20.306 53.232 0 73.54-10.15 10.152-23.462 15.23-36.768 15.23z",
          "M256 1012c-65.176 0-126.45-25.38-172.534-71.464-95.134-95.136-95.134-249.934 0-345.070l87.764-87.764c20.308-20.306 53.234-20.306 73.54 0 20.308 20.306 20.308 53.232 0 73.54l-87.764 87.764c-54.586 54.586-54.586 143.406 0 197.992 26.44 26.44 61.598 41.002 98.994 41.002s72.552-14.562 98.998-41.006l192-191.998c54.584-54.586 54.584-143.406 0-197.992-20.308-20.308-20.306-53.232 0-73.54 20.306-20.306 53.232-20.306 73.54 0.002 95.132 95.134 95.132 249.932 0.002 345.068l-192.002 192c-46.090 46.088-107.364 71.466-172.538 71.466z"
        ],
        "tags": [
          "link",
          "chain",
          "url",
          "uri",
          "anchor"
        ],
        "defaultCode": 59851,
        "grid": 16,
        "attrs": []
      },
      "attrs": [],
      "properties": {
        "ligatures": "link, chain",
        "name": "link",
        "order": 6,
        "id": 204,
        "prevSize": 32,
        "code": 59851
      },
      "setIdx": 12,
      "setId": 1,
      "iconIdx": 203
    },
    {
      "icon": {
        "paths": [
          "M512 192c-223.318 0-416.882 130.042-512 320 95.118 189.958 288.682 320 512 320 223.312 0 416.876-130.042 512-320-95.116-189.958-288.688-320-512-320zM764.45 361.704c60.162 38.374 111.142 89.774 149.434 150.296-38.292 60.522-89.274 111.922-149.436 150.296-75.594 48.218-162.89 73.704-252.448 73.704-89.56 0-176.858-25.486-252.452-73.704-60.158-38.372-111.138-89.772-149.432-150.296 38.292-60.524 89.274-111.924 149.434-150.296 3.918-2.5 7.876-4.922 11.86-7.3-9.96 27.328-15.41 56.822-15.41 87.596 0 141.382 114.616 256 256 256 141.382 0 256-114.618 256-256 0-30.774-5.452-60.268-15.408-87.598 3.978 2.378 7.938 4.802 11.858 7.302v0zM512 416c0 53.020-42.98 96-96 96s-96-42.98-96-96 42.98-96 96-96 96 42.982 96 96z"
        ],
        "tags": [
          "eye",
          "views",
          "vision",
          "visit"
        ],
        "defaultCode": 59854,
        "grid": 16,
        "attrs": []
      },
      "attrs": [],
      "properties": {
        "ligatures": "eye, views",
        "name": "eye",
        "order": 65,
        "id": 207,
        "prevSize": 32
      },
      "setIdx": 12,
      "setId": 1,
      "iconIdx": 206
    },
    {
      "icon": {
        "paths": [
          "M755.188 64c-107.63 0-200.258 87.554-243.164 179-42.938-91.444-135.578-179-243.216-179-148.382 0-268.808 120.44-268.808 268.832 0 301.846 304.5 380.994 512.022 679.418 196.154-296.576 511.978-387.206 511.978-679.418 0-148.392-120.43-268.832-268.812-268.832z"
        ],
        "tags": [
          "heart",
          "like",
          "love",
          "favorite"
        ],
        "defaultCode": 59866,
        "grid": 16,
        "attrs": []
      },
      "attrs": [],
      "properties": {
        "ligatures": "heart, like",
        "name": "heart",
        "order": 37,
        "id": 219,
        "prevSize": 32,
        "code": 59866
      },
      "setIdx": 12,
      "setId": 1,
      "iconIdx": 218
    },
    {
      "icon": {
        "paths": [
          "M0 64v896h1024v-896h-1024zM384 640v-192h256v192h-256zM640 704v192h-256v-192h256zM640 192v192h-256v-192h256zM320 192v192h-256v-192h256zM64 448h256v192h-256v-192zM704 448h256v192h-256v-192zM704 384v-192h256v192h-256zM64 704h256v192h-256v-192zM704 896v-192h256v192h-256z"
        ],
        "tags": [
          "table",
          "wysiwyg"
        ],
        "defaultCode": 60017,
        "grid": 16,
        "attrs": []
      },
      "attrs": [],
      "properties": {
        "ligatures": "table2, wysiwyg19",
        "name": "table2",
        "order": 60,
        "id": 370,
        "prevSize": 32
      },
      "setIdx": 12,
      "setId": 1,
      "iconIdx": 369
    },
    {
      "icon": {
        "paths": [
          "M928 0h-832c-52.8 0-96 43.2-96 96v832c0 52.8 43.2 96 96 96h416v-448h-128v-128h128v-64c0-105.8 86.2-192 192-192h128v128h-128c-35.2 0-64 28.8-64 64v64h192l-32 128h-160v448h288c52.8 0 96-43.2 96-96v-832c0-52.8-43.2-96-96-96z"
        ],
        "tags": [
          "facebook",
          "brand",
          "social"
        ],
        "defaultCode": 60049,
        "grid": 16,
        "attrs": []
      },
      "attrs": [],
      "properties": {
        "ligatures": "facebook2, brand11",
        "name": "facebook2",
        "order": 42,
        "id": 402,
        "prevSize": 32,
        "code": 60049
      },
      "setIdx": 12,
      "setId": 1,
      "iconIdx": 401
    },
    {
      "icon": {
        "paths": [
          "M512.008 12.642c-282.738 0-512.008 229.218-512.008 511.998 0 226.214 146.704 418.132 350.136 485.836 25.586 4.738 34.992-11.11 34.992-24.632 0-12.204-0.48-52.542-0.696-95.324-142.448 30.976-172.504-60.41-172.504-60.41-23.282-59.176-56.848-74.916-56.848-74.916-46.452-31.778 3.51-31.124 3.51-31.124 51.4 3.61 78.476 52.766 78.476 52.766 45.672 78.27 119.776 55.64 149.004 42.558 4.588-33.086 17.852-55.68 32.506-68.464-113.73-12.942-233.276-56.85-233.276-253.032 0-55.898 20.004-101.574 52.76-137.428-5.316-12.9-22.854-64.972 4.952-135.5 0 0 43.006-13.752 140.84 52.49 40.836-11.348 84.636-17.036 128.154-17.234 43.502 0.198 87.336 5.886 128.256 17.234 97.734-66.244 140.656-52.49 140.656-52.49 27.872 70.528 10.35 122.6 5.036 135.5 32.82 35.856 52.694 81.532 52.694 137.428 0 196.654-119.778 239.95-233.79 252.624 18.364 15.89 34.724 47.046 34.724 94.812 0 68.508-0.596 123.644-0.596 140.508 0 13.628 9.222 29.594 35.172 24.566 203.322-67.776 349.842-259.626 349.842-485.768 0-282.78-229.234-511.998-511.992-511.998z"
        ],
        "tags": [
          "github",
          "brand",
          "octacat",
          "social"
        ],
        "defaultCode": 60080,
        "grid": 16,
        "attrs": []
      },
      "attrs": [],
      "properties": {
        "ligatures": "github, brand40",
        "name": "github",
        "order": 20,
        "id": 433,
        "prevSize": 32,
        "code": 60080
      },
      "setIdx": 12,
      "setId": 1,
      "iconIdx": 432
    },
    {
      "icon": {
        "paths": [
          "M928 0h-832c-52.8 0-96 43.2-96 96v832c0 52.8 43.2 96 96 96h832c52.8 0 96-43.2 96-96v-832c0-52.8-43.2-96-96-96zM384 832h-128v-448h128v448zM320 320c-35.4 0-64-28.6-64-64s28.6-64 64-64c35.4 0 64 28.6 64 64s-28.6 64-64 64zM832 832h-128v-256c0-35.4-28.6-64-64-64s-64 28.6-64 64v256h-128v-448h128v79.4c26.4-36.2 66.8-79.4 112-79.4 79.6 0 144 71.6 144 160v288z"
        ],
        "tags": [
          "linkedin",
          "brand",
          "social"
        ],
        "defaultCode": 60105,
        "grid": 16,
        "attrs": []
      },
      "attrs": [],
      "properties": {
        "ligatures": "linkedin, brand64",
        "name": "linkedin",
        "order": 7,
        "id": 458,
        "prevSize": 32,
        "code": 60105
      },
      "setIdx": 12,
      "setId": 1,
      "iconIdx": 457
    }
  ],
  "height": 1024,
  "preferences": {
    "showGlyphs": true,
    "showQuickUse": true,
    "showQuickUse2": true,
    "showSVGs": true,
    "fontPref": {
      "prefix": "icon-",
      "metadata": {
        "fontFamily": "icomoon"
      },
      "metrics": {
        "emSize": 1024,
        "baseline": 6.25,
        "whitespace": 50
      },
      "embed": false,
      "autoHost": true
    },
    "imagePref": {
      "prefix": "icon-",
      "png": false,
      "useClassSelector": true,
      "color": 0,
      "bgColor": 16777215,
      "classSelector": ".icon",
      "name": "icomoon",
      "height": 32,
      "columns": 16,
      "margin": 16,
      "sprite": false
    },
    "historySize": 50,
    "showCodes": true,
    "gridSize": 16,
    "quickUsageToken": {
      "UntitledProject": "MDdmMWYzNGIyNTJiMjVjMjE1MmVmZTIxYjIzYzg3NDcjMSMxNTkxNDM4ODIyIyMj"
    }
  }
}