{
  "IcoMoonType": "selection",
  "icons": [
    {
      "icon": {
        "paths": [
          "M846.857 600c34.857 20 46.857 65.143 26.857 100l-36.571 62.857c-20 34.857-65.143 46.857-100 26.857l-152-87.429v175.429c0 40-33.143 73.143-73.143 73.143h-73.143c-40 0-73.143-33.143-73.143-73.143v-175.429l-152 87.429c-34.857 20-80 8-100-26.857l-36.571-62.857c-20-34.857-8-80 26.857-100l152-88-152-88c-34.857-20-46.857-65.143-26.857-100l36.571-62.857c20-34.857 65.143-46.857 100-26.857l152 87.429v-175.429c0-40 33.143-73.143 73.143-73.143h73.143c40 0 73.143 33.143 73.143 73.143v175.429l152-87.429c34.857-20 80-8 100 26.857l36.571 62.857c20 34.857 8 80-26.857 100l-152 88z"
        ],
        "width": 950.8571428571428,
        "attrs": [],
        "isMulticolor": false,
        "isMulticolor2": false,
        "tags": [
          "asterisk"
        ],
        "defaultCode": 61545,
        "grid": 14
      },
      "attrs": [],
      "properties": {
        "name": "asterisk",
        "id": 0,
        "order": 41,
        "prevSize": 28,
        "code": 61545
      },
      "setIdx": 1,
      "setId": 7,
      "iconIdx": 0
    },
    {
      "icon": {
        "paths": [
          "M585.143 402.286c0 9.714-4 18.857-10.857 25.714l-256 256c-6.857 6.857-16 10.857-25.714 10.857s-18.857-4-25.714-10.857l-256-256c-6.857-6.857-10.857-16-10.857-25.714 0-20 16.571-36.571 36.571-36.571h512c20 0 36.571 16.571 36.571 36.571z"
        ],
        "width": 585.1428571428571,
        "attrs": [],
        "isMulticolor": false,
        "isMulticolor2": false,
        "tags": [
          "caret-down"
        ],
        "defaultCode": 61655,
        "grid": 14
      },
      "attrs": [],
      "properties": {
        "name": "caret-down",
        "id": 191,
        "order": 43,
        "prevSize": 28,
        "code": 61655
      },
      "setIdx": 1,
      "setId": 7,
      "iconIdx": 191
    },
    {
      "icon": {
        "paths": [
          "M877.714 512c0 242.286-196.571 438.857-438.857 438.857s-438.857-196.571-438.857-438.857 196.571-438.857 438.857-438.857 438.857 196.571 438.857 438.857z"
        ],
        "width": 877.7142857142857,
        "attrs": [],
        "isMulticolor": false,
        "isMulticolor2": false,
        "tags": [
          "circle"
        ],
        "defaultCode": 61713,
        "grid": 14
      },
      "attrs": [],
      "properties": {
        "name": "circle",
        "id": 245,
        "order": 39,
        "prevSize": 28,
        "code": 61713
      },
      "setIdx": 1,
      "setId": 7,
      "iconIdx": 245
    },
    {
      "icon": {
        "paths": [
          "M954.857 323.429c0 14.286-5.714 28.571-16 38.857l-491.429 491.429c-10.286 10.286-24.571 16-38.857 16s-28.571-5.714-38.857-16l-284.571-284.571c-10.286-10.286-16-24.571-16-38.857s5.714-28.571 16-38.857l77.714-77.714c10.286-10.286 24.571-16 38.857-16s28.571 5.714 38.857 16l168 168.571 374.857-375.429c10.286-10.286 24.571-16 38.857-16s28.571 5.714 38.857 16l77.714 77.714c10.286 10.286 16 24.571 16 38.857z"
        ],
        "attrs": [
          {}
        ],
        "isMulticolor": false,
        "isMulticolor2": false,
        "tags": [
          "check"
        ],
        "grid": 14
      },
      "attrs": [
        {}
      ],
      "properties": {
        "order": 1,
        "id": 0,
        "name": "check",
        "prevSize": 28,
        "code": 59648
      },
      "setIdx": 2,
      "setId": 6,
      "iconIdx": 0
    },
    {
      "icon": {
        "paths": [
          "M0 854h1024v170h-1024v-170zM810 490q86 94 86 150 0 34-26 60t-60 26-59-26-25-60q0-24 21-62t41-62zM222 426h410l-206-204zM706 382q20 20 20 46t-20 44l-234 234q-20 20-46 20-24 0-44-20l-236-234q-18-18-18-46 0-26 18-44l220-220-102-102 62-60z"
        ],
        "attrs": [
          {}
        ],
        "isMulticolor": false,
        "isMulticolor2": false,
        "tags": [
          "format_color_fill"
        ],
        "grid": 24
      },
      "attrs": [
        {}
      ],
      "properties": {
        "order": 1,
        "id": 0,
        "prevSize": 24,
        "name": "fill",
        "code": 59649
      },
      "setIdx": 3,
      "setId": 5,
      "iconIdx": 0
    },
    {
      "icon": {
        "paths": [
          "M231.219 386.458c22.323-22.835 53.402-24.627 80.691 0l200.090 191.846 200.090-191.846c27.29-24.627 58.419-22.835 80.589 0 22.323 22.784 20.89 61.286 0 82.688-20.787 21.402-240.384 230.502-240.384 230.502-11.11 11.418-25.702 17.152-40.294 17.152s-29.184-5.734-40.397-17.152c0 0-219.494-209.101-240.384-230.502-20.941-21.402-22.323-59.904 0-82.688z"
        ],
        "attrs": [],
        "isMulticolor": false,
        "isMulticolor2": false,
        "tags": [
          "chevron-down"
        ],
        "grid": 20
      },
      "attrs": [],
      "properties": {
        "id": 34,
        "order": 25,
        "prevSize": 20,
        "name": "chevron-down",
        "code": 59650
      },
      "setIdx": 4,
      "setId": 4,
      "iconIdx": 33
    },
    {
      "icon": {
        "paths": [
          "M637.542 231.219c22.835 22.323 24.627 53.402 0 80.691l-191.846 200.090 191.846 200.090c24.627 27.29 22.835 58.419 0 80.589-22.784 22.323-61.286 20.89-82.688 0-21.402-20.787-230.502-240.384-230.502-240.384-11.418-11.11-17.152-25.702-17.152-40.294s5.734-29.184 17.152-40.397c0 0 209.101-219.494 230.502-240.384 21.402-20.941 59.904-22.323 82.688 0z"
        ],
        "attrs": [],
        "isMulticolor": false,
        "isMulticolor2": false,
        "tags": [
          "chevron-left"
        ],
        "grid": 20
      },
      "attrs": [],
      "properties": {
        "id": 35,
        "order": 34,
        "prevSize": 20,
        "name": "chevron-left",
        "code": 59651
      },
      "setIdx": 4,
      "setId": 4,
      "iconIdx": 34
    },
    {
      "icon": {
        "paths": [
          "M469.146 231.219c21.402 20.89 230.502 240.384 230.502 240.384 11.418 11.213 17.152 25.805 17.152 40.397s-5.734 29.184-17.152 40.294c0 0-209.101 219.597-230.502 240.384-21.402 20.89-59.904 22.323-82.688 0-22.835-22.221-24.627-53.299 0-80.589l191.846-200.090-191.846-200.090c-24.627-27.29-22.835-58.419 0-80.691 22.784-22.323 61.286-20.941 82.688 0z"
        ],
        "attrs": [],
        "isMulticolor": false,
        "isMulticolor2": false,
        "tags": [
          "chevron-right"
        ],
        "grid": 20
      },
      "attrs": [],
      "properties": {
        "id": 36,
        "order": 33,
        "prevSize": 20,
        "name": "chevron-right",
        "code": 59652
      },
      "setIdx": 4,
      "setId": 4,
      "iconIdx": 35
    },
    {
      "icon": {
        "paths": [
          "M792.781 637.542c-22.323 22.835-53.402 24.627-80.691 0l-200.090-191.846-200.090 191.846c-27.29 24.627-58.419 22.835-80.589 0-22.323-22.784-20.89-61.286 0-82.688 20.787-21.402 240.384-230.502 240.384-230.502 11.11-11.418 25.702-17.152 40.294-17.152s29.184 5.734 40.397 17.152c0 0 219.494 209.101 240.384 230.502 20.941 21.402 22.323 59.904 0 82.688z"
        ],
        "attrs": [],
        "isMulticolor": false,
        "isMulticolor2": false,
        "tags": [
          "chevron-up"
        ],
        "grid": 20
      },
      "attrs": [],
      "properties": {
        "id": 45,
        "order": 26,
        "prevSize": 20,
        "name": "chevron-up",
        "code": 59653
      },
      "setIdx": 4,
      "setId": 4,
      "iconIdx": 44
    },
    {
      "icon": {
        "paths": [
          "M747.93 623.206c0 43.008 12.237 60.16 44.237 60.16 71.322 0 116.736-90.88 116.736-242.022 0-231.014-168.346-341.606-378.522-341.606-216.218 0-412.877 144.998-412.877 419.021 0 261.734 172.032 404.275 436.224 404.275 89.702 0 149.914-9.83 242.022-40.55l19.763 82.278c-90.931 29.542-188.109 38.093-263.014 38.093-346.522 0-532.122-190.464-532.122-484.147 0-296.141 215.091-497.664 511.232-497.664 308.429 0 471.808 184.32 471.808 410.419 0 191.693-60.16 337.92-249.395 337.92-86.067 0-142.541-34.406-149.914-110.643-22.118 84.787-81.101 110.643-161.024 110.643-106.906 0-196.608-82.381-196.608-248.218 0-167.117 78.694-270.336 220.006-270.336 74.957 0 121.651 29.491 142.438 76.186l35.686-65.126h103.219v361.318h0.102zM596.838 461.005c0-67.533-50.432-95.846-92.211-95.846-45.466 0-95.795 36.813-95.795 144.998 0 86.016 38.093 133.939 95.795 133.939 40.55 0 92.211-25.805 92.211-97.075v-86.016z"
        ],
        "attrs": [],
        "isMulticolor": false,
        "isMulticolor2": false,
        "tags": [
          "email"
        ],
        "grid": 20
      },
      "attrs": [],
      "properties": {
        "id": 155,
        "order": 18,
        "prevSize": 20,
        "name": "email",
        "code": 59654
      },
      "setIdx": 4,
      "setId": 4,
      "iconIdx": 154
    },
    {
      "icon": {
        "paths": [
          "M512 66.56l122.266 344.166h328.294l-267.878 202.138 95.795 354.714-278.477-212.685-278.426 212.685 95.744-354.714-267.93-202.138h328.294l122.317-344.166z"
        ],
        "attrs": [],
        "isMulticolor": false,
        "isMulticolor2": false,
        "tags": [
          "star"
        ],
        "grid": 20
      },
      "attrs": [],
      "properties": {
        "id": 286,
        "order": 38,
        "prevSize": 20,
        "name": "star",
        "code": 59655
      },
      "setIdx": 4,
      "setId": 4,
      "iconIdx": 285
    },
    {
      "icon": {
        "paths": [
          "M512 0c-176.732 0-320 143.268-320 320 0 320 320 704 320 704s320-384 320-704c0-176.732-143.27-320-320-320zM512 512c-106.040 0-192-85.96-192-192s85.96-192 192-192 192 85.96 192 192-85.96 192-192 192z"
        ],
        "tags": [
          "location",
          "map-marker",
          "pin"
        ],
        "defaultCode": 59719,
        "grid": 16,
        "attrs": []
      },
      "attrs": [],
      "properties": {
        "ligatures": "location, map-marker",
        "name": "location1",
        "order": 35,
        "id": 72,
        "prevSize": 32,
        "code": 59719
      },
      "setIdx": 7,
      "setId": 1,
      "iconIdx": 71
    },
    {
      "icon": {
        "paths": [
          "M440.236 635.766c-13.31 0-26.616-5.076-36.77-15.23-95.134-95.136-95.134-249.934 0-345.070l192-192c46.088-46.086 107.36-71.466 172.534-71.466s126.448 25.38 172.536 71.464c95.132 95.136 95.132 249.934 0 345.070l-87.766 87.766c-20.308 20.308-53.23 20.308-73.54 0-20.306-20.306-20.306-53.232 0-73.54l87.766-87.766c54.584-54.586 54.584-143.404 0-197.99-26.442-26.442-61.6-41.004-98.996-41.004s-72.552 14.562-98.996 41.006l-192 191.998c-54.586 54.586-54.586 143.406 0 197.992 20.308 20.306 20.306 53.232 0 73.54-10.15 10.152-23.462 15.23-36.768 15.23z",
          "M256 1012c-65.176 0-126.45-25.38-172.534-71.464-95.134-95.136-95.134-249.934 0-345.070l87.764-87.764c20.308-20.306 53.234-20.306 73.54 0 20.308 20.306 20.308 53.232 0 73.54l-87.764 87.764c-54.586 54.586-54.586 143.406 0 197.992 26.44 26.44 61.598 41.002 98.994 41.002s72.552-14.562 98.998-41.006l192-191.998c54.584-54.586 54.584-143.406 0-197.992-20.308-20.308-20.306-53.232 0-73.54 20.306-20.306 53.232-20.306 73.54 0.002 95.132 95.134 95.132 249.932 0.002 345.068l-192.002 192c-46.090 46.088-107.364 71.466-172.538 71.466z"
        ],
        "tags": [
          "link",
          "chain",
          "url",
          "uri",
          "anchor"
        ],
        "defaultCode": 59851,
        "grid": 16,
        "attrs": []
      },
      "attrs": [],
      "properties": {
        "ligatures": "link, chain",
        "name": "link",
        "order": 6,
        "id": 204,
        "prevSize": 32,
        "code": 59851
      },
      "setIdx": 7,
      "setId": 1,
      "iconIdx": 203
    },
    {
      "icon": {
        "paths": [
          "M755.188 64c-107.63 0-200.258 87.554-243.164 179-42.938-91.444-135.578-179-243.216-179-148.382 0-268.808 120.44-268.808 268.832 0 301.846 304.5 380.994 512.022 679.418 196.154-296.576 511.978-387.206 511.978-679.418 0-148.392-120.43-268.832-268.812-268.832z"
        ],
        "tags": [
          "heart",
          "like",
          "love",
          "favorite"
        ],
        "defaultCode": 59866,
        "grid": 16,
        "attrs": []
      },
      "attrs": [],
      "properties": {
        "ligatures": "heart, like",
        "name": "heart",
        "order": 37,
        "id": 219,
        "prevSize": 32,
        "code": 59866
      },
      "setIdx": 7,
      "setId": 1,
      "iconIdx": 218
    },
    {
      "icon": {
        "paths": [
          "M928 0h-832c-52.8 0-96 43.2-96 96v832c0 52.8 43.2 96 96 96h416v-448h-128v-128h128v-64c0-105.8 86.2-192 192-192h128v128h-128c-35.2 0-64 28.8-64 64v64h192l-32 128h-160v448h288c52.8 0 96-43.2 96-96v-832c0-52.8-43.2-96-96-96z"
        ],
        "tags": [
          "facebook",
          "brand",
          "social"
        ],
        "defaultCode": 60049,
        "grid": 16,
        "attrs": []
      },
      "attrs": [],
      "properties": {
        "ligatures": "facebook2, brand11",
        "name": "facebook2",
        "order": 42,
        "id": 402,
        "prevSize": 32,
        "code": 60049
      },
      "setIdx": 7,
      "setId": 1,
      "iconIdx": 401
    },
    {
      "icon": {
        "paths": [
          "M512.008 12.642c-282.738 0-512.008 229.218-512.008 511.998 0 226.214 146.704 418.132 350.136 485.836 25.586 4.738 34.992-11.11 34.992-24.632 0-12.204-0.48-52.542-0.696-95.324-142.448 30.976-172.504-60.41-172.504-60.41-23.282-59.176-56.848-74.916-56.848-74.916-46.452-31.778 3.51-31.124 3.51-31.124 51.4 3.61 78.476 52.766 78.476 52.766 45.672 78.27 119.776 55.64 149.004 42.558 4.588-33.086 17.852-55.68 32.506-68.464-113.73-12.942-233.276-56.85-233.276-253.032 0-55.898 20.004-101.574 52.76-137.428-5.316-12.9-22.854-64.972 4.952-135.5 0 0 43.006-13.752 140.84 52.49 40.836-11.348 84.636-17.036 128.154-17.234 43.502 0.198 87.336 5.886 128.256 17.234 97.734-66.244 140.656-52.49 140.656-52.49 27.872 70.528 10.35 122.6 5.036 135.5 32.82 35.856 52.694 81.532 52.694 137.428 0 196.654-119.778 239.95-233.79 252.624 18.364 15.89 34.724 47.046 34.724 94.812 0 68.508-0.596 123.644-0.596 140.508 0 13.628 9.222 29.594 35.172 24.566 203.322-67.776 349.842-259.626 349.842-485.768 0-282.78-229.234-511.998-511.992-511.998z"
        ],
        "tags": [
          "github",
          "brand",
          "octacat",
          "social"
        ],
        "defaultCode": 60080,
        "grid": 16,
        "attrs": []
      },
      "attrs": [],
      "properties": {
        "ligatures": "github, brand40",
        "name": "github",
        "order": 20,
        "id": 433,
        "prevSize": 32,
        "code": 60080
      },
      "setIdx": 7,
      "setId": 1,
      "iconIdx": 432
    },
    {
      "icon": {
        "paths": [
          "M928 0h-832c-52.8 0-96 43.2-96 96v832c0 52.8 43.2 96 96 96h832c52.8 0 96-43.2 96-96v-832c0-52.8-43.2-96-96-96zM384 832h-128v-448h128v448zM320 320c-35.4 0-64-28.6-64-64s28.6-64 64-64c35.4 0 64 28.6 64 64s-28.6 64-64 64zM832 832h-128v-256c0-35.4-28.6-64-64-64s-64 28.6-64 64v256h-128v-448h128v79.4c26.4-36.2 66.8-79.4 112-79.4 79.6 0 144 71.6 144 160v288z"
        ],
        "tags": [
          "linkedin",
          "brand",
          "social"
        ],
        "defaultCode": 60105,
        "grid": 16,
        "attrs": []
      },
      "attrs": [],
      "properties": {
        "ligatures": "linkedin, brand64",
        "name": "linkedin",
        "order": 7,
        "id": 458,
        "prevSize": 32,
        "code": 60105
      },
      "setIdx": 7,
      "setId": 1,
      "iconIdx": 457
    }
  ],
  "height": 1024,
  "preferences": {
    "showGlyphs": true,
    "showQuickUse": true,
    "showQuickUse2": true,
    "showSVGs": true,
    "fontPref": {
      "prefix": "icon-",
      "metadata": {
        "fontFamily": "icomoon"
      },
      "metrics": {
        "emSize": 1024,
        "baseline": 6.25,
        "whitespace": 50
      },
      "embed": false,
      "autoHost": true
    },
    "imagePref": {
      "prefix": "icon-",
      "png": false,
      "useClassSelector": true,
      "color": 0,
      "bgColor": 16777215,
      "classSelector": ".icon",
      "name": "icomoon",
      "height": 32,
      "columns": 16,
      "margin": 16,
      "sprite": false
    },
    "historySize": 50,
    "showCodes": true,
    "gridSize": 16,
    "quickUsageToken": {
      "UntitledProject": "MDdmMWYzNGIyNTJiMjVjMjE1MmVmZTIxYjIzYzg3NDcjMSMxNTkxNDM4ODIyIyMj"
    }
  }
}